model,shapiro_w,shapiro_p
F3 vowels (final),0.9763784771290815,0.15020205326217947
F4 vowels (final),0.9814677036037847,0.30702960856978834
